id,name,grade,description,supervisor_id,is_active,created_at,division,updated_at
bd9ca3f4-0cc9-4dd4-8dda-6967bb9f7ac9,KG3A,KG3,,,TRUE,2026-09-27T15:24:11.334Z,Pre-School,2026-09-27T15:24:11.334Z
741bb347-efc9-46e1-ab38-dd38b5f16c41,KG3B,KG3,,,TRUE,2026-09-27T15:24:11.334Z,Pre-School,2026-09-27T15:24:11.334Z
6d7728d8-77d1-4962-bbce-3bbfe930712c,KG3C,KG3,,,TRUE,2026-09-27T15:24:11.334Z,Pre-School,2026-09-27T15:24:11.334Z
3bbd166d-3d84-4aeb-b280-a146e2bd3903,GSA,GS,,,TRUE,2026-09-27T15:24:11.334Z,Pre-School,2026-09-27T15:24:11.334Z
42ab3e49-3cfc-4ba8-91b0-bc8761ed84e0,Grade 1 ENG A,1,,,TRUE,2026-09-27T15:24:11.334Z,Elementary,2026-09-27T15:24:11.334Z
2ab24c01-2f4f-4fed-b46a-b2931c97dc20,Grade 1 ENG B,1,,,TRUE,2026-09-27T15:24:11.334Z,Elementary,2026-09-27T15:24:11.334Z
6cadea9b-2f84-4dfb-b3f3-4681df9a15f9,Grade 1 ENG C,1,,,TRUE,2026-09-27T15:24:11.334Z,Elementary,2026-09-27T15:24:11.334Z
b29e6fd9-8c66-4b00-a878-8b66412a47c8,Grade 1 ENG D,1,,,TRUE,2026-09-27T15:24:11.334Z,Elementary,2026-09-27T15:24:11.334Z
d48bc7c5-a657-44fe-b095-3b6626bbca93,Grade 1 FR A,1,,,TRUE,2026-09-27T15:24:11.334Z,Elementary,2026-09-27T15:24:11.334Z
f4004b8f-d1a7-4f1c-9985-c02baaba9b53,Grade 2 ENG A,2,,,TRUE,2026-09-27T15:24:11.334Z,Elementary,2026-09-27T15:24:11.334Z
072ce01a-768b-4e3a-8656-29be15f27255,Grade 2 ENG B,2,,,TRUE,2026-09-27T15:24:11.334Z,Elementary,2026-09-27T15:24:11.334Z
13ad2078-4da4-4282-a2e6-28440b29e826,Grade 2 ENG C,2,,,TRUE,2026-09-27T15:24:11.334Z,Elementary,2026-09-27T15:24:11.334Z
55cb8f8c-66d4-4723-8fd0-a7c0c77d0bf8,Grade 2 ENG D,2,,,TRUE,2026-09-27T15:24:11.334Z,Elementary,2026-09-27T15:24:11.334Z
49e49157-4a50-42b3-9953-7d3029f72a2e,Grade 2 FR A,2,,,TRUE,2026-09-27T15:24:11.334Z,Elementary,2026-09-27T15:24:11.334Z
747cec84-4394-4db6-902d-a8dad592cb99,Grade 3 ENG A,3,,,TRUE,2026-09-27T15:24:11.334Z,Elementary,2026-09-27T15:24:11.334Z
9e1a8ad4-73ee-499c-91d1-2d792b51356f,Grade 3 ENG B,3,,,TRUE,2026-09-27T15:24:11.334Z,Elementary,2026-09-27T15:24:11.334Z
e13c4708-986d-4077-8a40-3d3cf2ae807b,Grade 3 ENG C,3,,,TRUE,2026-09-27T15:24:11.334Z,Elementary,2026-09-27T15:24:11.334Z
0505d964-8336-42df-a465-488687cf8302,Grade 3 FR A,3,,,TRUE,2026-09-27T15:24:11.334Z,Elementary,2026-09-27T15:24:11.334Z
0160b229-7b51-45ef-9471-69c4f1958ee4,Grade 4 ENG A,4,,,TRUE,2026-09-27T15:24:11.334Z,Elementary,2026-09-27T15:24:11.334Z
bf12e597-3af3-4417-8050-9ce5559d9069,Grade 4 ENG B,4,,,TRUE,2026-09-27T15:24:11.334Z,Elementary,2026-09-27T15:24:11.334Z
d904b4f8-4ddd-4373-a9e1-5d6bf5860ce0,Grade 4 ENG C,4,,,TRUE,2026-09-27T15:24:11.334Z,Elementary,2026-09-27T15:24:11.334Z
62ff591b-b42d-4cc5-9ab9-d4503ced735e,Grade 4 FR A,4,,,TRUE,2026-09-27T15:24:11.334Z,Elementary,2026-09-27T15:24:11.334Z
a28290f3-eb69-4eaa-beff-ef99fe16d095,Grade 5 ENG A,5,,,TRUE,2026-09-27T15:24:11.334Z,Elementary,2026-09-27T15:24:11.334Z
25c523ae-1e5c-4868-a88b-2708a1f5c4ad,Grade 5 ENG B,5,,,TRUE,2026-09-27T15:24:11.334Z,Elementary,2026-09-27T15:24:11.334Z
be3be11b-a3f8-4db1-bdc8-8ec17f99f95c,Grade 5 ENG C,5,,,TRUE,2026-09-27T15:24:11.334Z,Elementary,2026-09-27T15:24:11.334Z
0e959206-4ab8-4b2d-946e-509026b74913,Grade 5 ENG D,5,,,TRUE,2026-09-27T15:24:11.334Z,Elementary,2026-09-27T15:24:11.334Z
c48afa45-421b-4b4a-93df-9e94dafd83cb,Grade 5 FR A,5,,,TRUE,2026-09-27T15:24:11.334Z,Elementary,2026-09-27T15:24:11.334Z
4aecc294-bb95-4cb5-a63c-a4614a786bd9,Grade 5 FR B,5,,,TRUE,2026-09-27T15:24:11.334Z,Elementary,2026-09-27T15:24:11.334Z
bb06d2f5-6061-4602-aec8-1edab1c9752c,BE6A,6,,,TRUE,2026-09-27T15:24:11.334Z,Middle School,2026-09-27T15:24:11.334Z
16c3f37e-0ef2-428e-a98f-b99d7f520d7e,BE6B,6,,,TRUE,2026-09-27T15:24:11.334Z,Middle School,2026-09-27T15:24:11.334Z
e45ab571-2436-407e-ae2d-4426a3e355d2,BE6C,6,,,TRUE,2026-09-27T15:24:11.334Z,Middle School,2026-09-27T15:24:11.334Z
3f9c4e32-0dd2-4e15-982d-41cfed78ba11,BE6D,6,,,TRUE,2026-09-27T15:24:11.334Z,Middle School,2026-09-27T15:24:11.334Z
37eb1652-20fc-4bce-9673-08b652769553,EB6A,6,,,TRUE,2026-09-27T15:24:11.334Z,Middle School,2026-09-27T15:24:11.334Z
bbee1998-3e6e-47c5-9705-451b1a6e6219,AP6,6,,,TRUE,2026-09-27T15:24:11.334Z,Middle School,2026-09-27T15:24:11.334Z
5daec5a9-2a57-4dd5-b217-0c5817d72285,BE7A,7,,,TRUE,2026-09-27T15:24:11.334Z,Middle School,2026-09-27T15:24:11.334Z
ba4163a0-e989-4ccb-baf5-5c72ab2bad57,BE7B,7,,,TRUE,2026-09-27T15:24:11.334Z,Middle School,2026-09-27T15:24:11.334Z
799004bb-2ee5-42d5-8291-9a371bbbaa4b,BE7C,7,,,TRUE,2026-09-27T15:24:11.334Z,Middle School,2026-09-27T15:24:11.334Z
2b925a7c-ccba-4176-ba97-d1955d65fc92,EB7A,7,,,TRUE,2026-09-27T15:24:11.334Z,Middle School,2026-09-27T15:24:11.334Z
3d85f80b-cd32-4bfd-afb1-ad2696453e82,AP7,7,,,TRUE,2026-09-27T15:24:11.334Z,Middle School,2026-09-27T15:24:11.334Z
64bd8a8c-afc6-4c15-b53e-ea53aac31840,BE8A,8,,,TRUE,2026-09-27T15:24:11.334Z,Middle School,2026-09-27T15:24:11.334Z
9469f02f-943e-41ea-b522-08528fcf0b97,BE8B,8,,,TRUE,2026-09-27T15:24:11.334Z,Middle School,2026-09-27T15:24:11.334Z
dcb03c0f-9749-4f9a-8e6f-f26df9ae3c38,BE8C,8,,,TRUE,2026-09-27T15:24:11.334Z,Middle School,2026-09-27T15:24:11.334Z
6328ab84-f0aa-4e25-8428-356537775ecd,EB8A,8,,,TRUE,2026-09-27T15:24:11.334Z,Middle School,2026-09-27T15:24:11.334Z
8a99d908-e4cb-4f66-a1c3-4d0f2f0257b7,EB8B,8,,,TRUE,2026-09-27T15:24:11.334Z,Middle School,2026-09-27T15:24:11.334Z
2d5ded4d-3a9f-4ab6-9b7c-13d2cfe9d15a,AP8,8,,,TRUE,2026-09-27T15:24:11.334Z,Middle School,2026-09-27T15:24:11.334Z
daaefa1f-05e1-45c5-8514-86e35b5a0f88,BE9A,9,,,TRUE,2026-09-27T15:24:11.334Z,Middle School,2026-09-27T15:24:11.334Z
25ac59e8-8104-4ac6-b534-a72977fc0dba,BE9B,9,,,TRUE,2026-09-27T15:24:11.334Z,Middle School,2026-09-27T15:24:11.334Z
c09c3489-7b78-495a-983e-f93d837351d4,BE9C,9,,,TRUE,2026-09-27T15:24:11.334Z,Middle School,2026-09-27T15:24:11.334Z
d15b626a-e37c-4884-ad19-ff67024840d5,EB9A,9,,,TRUE,2026-09-27T15:24:11.334Z,Middle School,2026-09-27T15:24:11.334Z
0fbbaa59-104e-40c9-bad1-1c5e6ac0557c,EB9B,9,,,TRUE,2026-09-27T15:24:11.334Z,Middle School,2026-09-27T15:24:11.334Z
de14c50f-2aab-4037-a53f-1b70d745ce0f,AP9,9,,,TRUE,2026-09-27T15:24:11.334Z,Middle School,2026-09-27T15:24:11.334Z
c5ca50f7-3393-481c-bc4c-eb0774f18581,SE1A,10,,,TRUE,2026-09-27T15:24:11.334Z,High School,2026-09-27T15:24:11.334Z
855f69d8-9ea7-444d-9d87-b5b09df8faaf,SE1B,10,,,TRUE,2026-09-27T15:24:11.334Z,High School,2026-09-27T15:24:11.334Z
f15aa66b-5a35-499b-87d2-a1da7412414f,SE1C,10,,,TRUE,2026-09-27T15:24:11.334Z,High School,2026-09-27T15:24:11.334Z
a3573adb-31a0-42ac-82f6-9fda28b7db13,ES1A,10,,,TRUE,2026-09-27T15:24:11.334Z,High School,2026-09-27T15:24:11.334Z
937bf99c-52bf-4260-831d-68a83cdfd70c,ES1B,10,,,TRUE,2026-09-27T15:24:11.334Z,High School,2026-09-27T15:24:11.334Z
bcf5cd08-991e-414d-b80e-c2ec056fddca,AP10,10,,,TRUE,2026-09-27T15:24:11.334Z,High School,2026-09-27T15:24:11.334Z
c40c0c03-a20b-47b4-a94d-d0ada457e026,Pre BF,10,,,TRUE,2026-09-27T15:24:11.334Z,High School,2026-09-27T15:24:11.334Z
eed5045d-c366-4b9f-a07e-a7f44d2aba71,SE2A,11,,,TRUE,2026-09-27T15:24:11.334Z,High School,2026-09-27T15:24:11.334Z
e822ff38-54fd-43cb-b1e9-af0aae33f4d0,SE2B,11,,,TRUE,2026-09-27T15:24:11.334Z,High School,2026-09-27T15:24:11.334Z
eed36526-c503-4533-bbd2-9688774b21db,ES2A,11,,,TRUE,2026-09-27T15:24:11.334Z,High School,2026-09-27T15:24:11.334Z
1b1c9cf6-606b-4b9a-9f8c-18b1a0974c68,SE2H,11,,,TRUE,2026-09-27T15:24:11.334Z,High School,2026-09-27T15:24:11.334Z
290947d1-c196-4cbe-b0b3-7f0089c33171,Sec BF,11,,,TRUE,2026-09-27T15:24:11.334Z,High School,2026-09-27T15:24:11.334Z
f515e94a-a5f3-4669-a190-9c705967a9b1,Term BF,12,,,TRUE,2026-09-27T15:24:11.334Z,High School,2026-09-27T15:24:11.334Z
d5f18e3c-e689-4da4-bbaa-5773f42d4dbf,DP1,11,,,TRUE,2026-09-27T15:24:11.334Z,High School,2026-09-27T15:24:11.334Z
403db3d4-fa4d-4a41-b684-f5c2cb407578,DP2,12,,,TRUE,2026-09-27T15:24:11.334Z,High School,2026-09-27T15:24:11.334Z
669fa826-6a6b-4e0a-a1d8-8bb76c3b7d99,SE3-GS,12,,,TRUE,2026-09-27T15:24:11.334Z,High School,2026-09-27T15:24:11.334Z
870f7ea1-ca72-4612-9704-d4f4c45cb16b,SE3-LSA,12,,,TRUE,2026-09-27T15:24:11.334Z,High School,2026-09-27T15:24:11.334Z
8117cfcf-0a68-415f-89dd-44ec3853ad79,SE3-LSB,12,,,TRUE,2026-09-27T15:24:11.334Z,High School,2026-09-27T15:24:11.334Z
95bc90ef-fabf-4038-ba01-e2d812ba535a,SE3-LH,12,,,TRUE,2026-09-27T15:24:11.334Z,High School,2026-09-27T15:24:11.334Z
7864c2c4-a5ac-454a-8c20-c05c67885c30,SE3-SE,12,,,TRUE,2026-09-27T15:24:11.334Z,High School,2026-09-27T15:24:11.334Z
faa1b104-58b0-4452-b93a-81dfc9b57f6c,ES3-SV,12,,,TRUE,2026-09-27T15:24:11.334Z,High School,2026-09-27T15:24:11.334Z
a14c5faa-4bf2-4e7a-bba2-4680844f07c0,ES3-SE,12,,,TRUE,2026-09-27T15:24:11.334Z,High School,2026-09-27T15:24:11.334Z
a3ff3f46-5e5f-49c6-915e-3ee2bdc6ca0f,AP11,11,,,TRUE,2026-09-27T15:24:11.334Z,High School,2026-09-27T15:24:11.334Z
9d93da84-3274-42ca-845b-d43fe18bda66,AP12,12,,,TRUE,2026-09-27T15:24:11.334Z,High School,2026-09-27T15:24:11.334Z
a2a7edac-2b3c-409b-a2c5-a7d6a8ff6f32,BT1-IT,10,,,TRUE,2026-09-27T15:24:11.334Z,Technical Institute,2026-09-27T15:24:11.334Z
cbeb707a-574f-4c5e-a03b-afa10d20915a,BT2-IT,11,,,TRUE,2026-09-27T15:24:11.334Z,Technical Institute,2026-09-27T15:24:11.334Z
a3158593-20d6-4aed-aace-74e7878dfc3e,BT3-IT,12,,,TRUE,2026-09-27T15:24:11.334Z,Technical Institute,2026-09-27T15:24:11.334Z
84670f29-ab10-4809-9fbc-af6e51096e98,BT1-ID,10,,,TRUE,2026-09-27T15:24:11.334Z,Technical Institute,2026-09-27T15:24:11.334Z
ab0547a7-8ce0-45ce-99e4-14bd0540fad8,BT2-ID,11,,,TRUE,2026-09-27T15:24:11.334Z,Technical Institute,2026-09-27T15:24:11.334Z
